{
  "hero": {
    "title": {
      "en": "Managed SOC Services (24/7)",
      "ar": "خدمات مركز العمليات الأمنية المدار (24/7)"
    },
    "subtitle": {
      "en": "Round-the-clock security monitoring and threat detection by certified security experts",
      "ar": "مراقبة أمنية على مدار الساعة واكتشاف التهديدات من قبل خبراء أمنيين معتمدين"
    }
  },
  "description": {
    "en": "Our Managed Security Operations Center (SOC) provides comprehensive 24/7 monitoring, detection, and response services. With a team of certified security analysts and cutting-edge security tools, we protect your organization from evolving cyber threats. Our SOC combines advanced SIEM technology, threat intelligence, and expert analysis to identify and neutralize threats before they impact your business.",
    "ar": "يوفر مركز العمليات الأمنية المُدار لدينا خدمات مراقبة واكتشاف واستجابة شاملة على مدار 24/7. مع فريق من محللي الأمن المعتمدين وأدوات الأمان المتطورة، نحمي مؤسستك من التهديدات السيبرانية المتطورة."
  },
  "features": [
    {
      "title": {
        "en": "24/7 Security Monitoring",
        "ar": "المراقبة الأمنية على مدار الساعة"
      },
      "description": {
        "en": "Continuous monitoring of your IT infrastructure with real-time threat detection and alerting",
        "ar": "مراقبة مستمرة للبنية التحتية لتكنولوجيا المعلومات مع الكشف عن التهديدات والتنبيه في الوقت الفعلي"
      }
    },
    {
      "title": {
        "en": "Advanced SIEM Platform",
        "ar": "منصة SIEM متقدمة"
      },
      "description": {
        "en": "Enterprise-grade Security Information and Event Management system for comprehensive log analysis",
        "ar": "نظام إدارة معلومات الأمن والأحداث على مستوى المؤسسة لتحليل السجلات الشامل"
      }
    },
    {
      "title": {
        "en": "Incident Response Team",
        "ar": "فريق الاستجابة للحوادث"
      },
      "description": {
        "en": "Dedicated security experts ready to respond to and contain security incidents immediately",
        "ar": "خبراء أمنيون متخصصون جاهزون للاستجابة واحتواء الحوادث الأمنية فورًا"
      }
    },
    {
      "title": {
        "en": "Threat Intelligence Integration",
        "ar": "تكامل استخبارات التهديدات"
      },
      "description": {
        "en": "Leveraging global threat intelligence feeds to stay ahead of emerging threats and attack patterns",
        "ar": "الاستفادة من موجزات استخبارات التهديدات العالمية للبقاء في طليعة التهديدات وأنماط الهجوم الناشئة"
      }
    },
    {
      "title": {
        "en": "Compliance Reporting",
        "ar": "تقارير الامتثال"
      },
      "description": {
        "en": "Automated compliance reporting for regulations like NCA ECC, SAMA, ISO 27001, and PCI-DSS",
        "ar": "تقارير الامتثال الآلية للوائح مثل NCA ECC و SAMA و ISO 27001 و PCI-DSS"
      }
    },
    {
      "title": {
        "en": "Vulnerability Management",
        "ar": "إدارة الثغرات"
      },
      "description": {
        "en": "Continuous vulnerability scanning and prioritized remediation guidance based on risk assessment",
        "ar": "الفحص المستمر للثغرات الأمنية وإرشادات المعالجة ذات الأولوية بناءً على تقييم المخاطر"
      }
    }
  ],
  "technicalSpecs": [
    {
      "category": {
        "en": "Coverage",
        "ar": "التغطية"
      },
      "specs": [
        {
          "en": "24x7x365 security monitoring and support",
          "ar": "مراقبة ودعم أمني على مدار الساعة طوال أيام الأسبوع"
        },
        {
          "en": "Average response time: < 15 minutes for critical alerts",
          "ar": "متوسط وقت الاستجابة: أقل من 15 دقيقة للتنبيهات الحرجة"
        },
        {
          "en": "Multi-region SOC facilities for business continuity",
          "ar": "مرافق SOC متعددة المناطق لاستمرارية الأعمال"
        }
      ]
    },
    {
      "category": {
        "en": "Technology Stack",
        "ar": "المجموعة التقنية"
      },
      "specs": [
        {
          "en": "Enterprise SIEM platforms (Splunk, QRadar, Microsoft Sentinel)",
          "ar": "منصات SIEM للمؤسسات (Splunk و QRadar و Microsoft Sentinel)"
        },
        {
          "en": "EDR/XDR solutions for endpoint protection",
          "ar": "حلول EDR/XDR لحماية نقاط النهاية"
        },
        {
          "en": "Next-generation firewalls and IPS/IDS systems",
          "ar": "جدران الحماية من الجيل التالي وأنظمة IPS/IDS"
        },
        {
          "en": "Threat intelligence platforms and sandboxing",
          "ar": "منصات استخبارات التهديدات والحماية المعزولة"
        }
      ]
    },
    {
      "category": {
        "en": "Compliance & Certifications",
        "ar": "الامتثال والشهادات"
      },
      "specs": [
        {
          "en": "NCA ECC (National Cybersecurity Authority) certified",
          "ar": "معتمد من الهيئة الوطنية للأمن السيبراني NCA ECC"
        },
        {
          "en": "ISO 27001 and SOC 2 Type II compliant",
          "ar": "متوافق مع ISO 27001 و SOC 2 Type II"
        },
        {
          "en": "SAMA cybersecurity framework aligned",
          "ar": "متوافق مع إطار الأمن السيبراني لمؤسسة النقد العربي السعودي"
        }
      ]
    }
  ]
}